{"0": [[[0.1412037037037037, 0.06123595505617978], [0.8583333333333333, 0.9578651685393258]], [0, 255, 255], "sky130_sram_1kbyte_1rw1r_32x256_8_bank"], "1": [[[0.20555555555555555, 0.0], [0.6157407407407407, 0.016853932584269662]], [0, 255, 255], "sky130_sram_1kbyte_1rw1r_32x256_8_data_dff"], "2": [[[0.8763888888888889, 0.751685393258427], [0.9986111111111111, 0.996629213483146]], [0, 255, 255], "sky130_sram_1kbyte_1rw1r_32x256_8_control_logic_r"], "3": [[[0.8351851851851851, 0.9696629213483146], [0.8467592592592592, 0.9865168539325843]], [0, 255, 255], "sky130_sram_1kbyte_1rw1r_32x256_8_col_addr_dff"], "4": [[[0.0, 0.03314606741573034], [0.12407407407407407, 0.27808988764044945]], [0, 255, 255], "sky130_sram_1kbyte_1rw1r_32x256_8_control_logic_rw"], "5": [[[0.11527777777777778, 0.30280898876404494], [0.12685185185185185, 0.43258426966292135]], [0, 255, 255], "sky130_sram_1kbyte_1rw1r_32x256_8_row_addr_dff"], "6": [[[0.1537037037037037, 0.0], [0.20416666666666666, 0.016853932584269662]], [0, 255, 255], "sky130_sram_1kbyte_1rw1r_32x256_8_wmask_dff"], "7": [[[0.1412037037037037, 0.0], [0.15231481481481482, 0.016853932584269662]], [0, 255, 255], "sky130_sram_1kbyte_1rw1r_32x256_8_col_addr_dff"], "8": [[[0.8736111111111111, 0.06460674157303371], [0.8851851851851852, 0.1949438202247191]], [0, 255, 255], "sky130_sram_1kbyte_1rw1r_32x256_8_row_addr_dff"]}