{"0": [[[0.0, 0.6246500975485623], [0.38035649981994957, 0.9780303672915429]], [210, 184, 192], "wrapped_etpu"], "1": [[[0.719481454807346, 0.00127237255068284], [0.8214800144040332, 0.09228942234286198]], [210, 184, 192], "wrapped_mbsFSK"], "2": [[[0.6766294562477494, 0.29179743828993127], [0.8001440403312927, 0.40368139791330904]], [210, 184, 191], "wrapped_snn_network"], "3": [[[0.591015484335614, 0.6146407668165239], [0.999909974792942, 0.9997455254898634]], [210, 184, 190], "wrapped_silife"], "4": [[[0.24837954627295641, 0.29179743828993127], [0.4853258912495499, 0.5145474594961404]], [210, 184, 189], "wrapped_ibnalhaytham"], "5": [[[0.012783579402232625, 0.29179743828993127], [0.11487216420597768, 0.3872253795911443]], [210, 184, 188], "wrapped_function_generator"], "6": [[[0.013503781058696434, 0.0], [0.20768815268275118, 0.15047926032742387]], [210, 184, 187], "sky130_sram_1kbyte_1rw1r_32x256_8"], "7": [[[0.3276017284839755, 0.00127237255068284], [0.3909794742527908, 0.15370260412248707]], [210, 184, 186], "wb_openram_wrapper"], "8": [[[0.526737486496219, 0.00127237255068284], [0.5474432841195535, 0.15370260412248707]], [210, 184, 185], "wb_bridge_2way"]}